{
    "precision": [
        0.012263649857929812,
        0.12568642908899552,
        0.02855320771559572,
        0.0853000133796257,
        0.008649434589112033
    ],
    "recall": [
        0.8888888888888888,
        0.1111111111111111,
        0.6428571428571429,
        0.28846153846153844,
        0.375
    ],
    "mAP_50": 0.09019917763971108,
    "mAP_50_95": 0.037119634223246566,
    "F1": [
        0.024193511369555786,
        0.11795020147476915,
        0.05467783901691814,
        0.13166561926483678,
        0.01690886355347212
    ]
}