{
    "precision": [
        0.261578163532109,
        1.0,
        0.47304918261423995,
        0.5534041769465557,
        0.29639863476893585
    ],
    "recall": [
        1.0,
        0.0,
        0.6428571428571429,
        0.19230769230769232,
        0.632270648325983
    ],
    "mAP_50": 0.44574344546301836,
    "mAP_50_95": 0.23504895842128434,
    "F1": [
        0.4146840379667866,
        0.0,
        0.5450332864415612,
        0.28542895606170127,
        0.40359719090469115
    ]
}