{
    "precision": 0.5168860315723681,
    "recall": 0.4934870966981636,
    "mAP_50": 0.44574344546301836,
    "mAP_50_95": 0.23504895842128434,
    "F1": 0.329748694274948
}